AWS,863
ActionScript,3127
AngularJS,2593
AutoHotKey,4474
BGM,1542
BackUp,4252
Bookmarklet,1446
CI,734
CSS,6090
CentOS,537
Chef,2044
Code,631
Cygwin,1952
D3js,7391
Design,3852
Excel,9442
Famous,284
Font,3550
Git,1665
GitHub,3449
Gollum,5407
HTML,1247
Hardware,5749
Heroku,1728
Home,2298
JS-Library,3202
Java,4499
JavaScript,7495
Life,5982
LogManagement,4165
MIDI,2050
Mac-App,1016
MediaWiki,2898
Middleman,3487
Network,196
OSX,3548
Oracle,3112
Phaser,10695
QuartzComposer,472
Redmine,3138
RegExp,557
Ruby-Gem,3666
Ruby-on-Rails,1223
Ruby,8376
SVG,1741
Sakura-Editor,781
Seminar,1201
Sinatra,6616
SoundEffect,109
SublimeText,1600
Swift,2730
ThinReports,3402
TwitterBootstrap,2419
UNIX-command,879
Ubuntu,8943
VBA,6182
VBScript,196
Vagrant,2713
Vim,3214
Visualize,703
WIN32OLE,4743
Wallpaper,184
WebAPI,693
WebFrontEnd,1643
WebSecurity,1582
WebService,6090
Win32API,6330
Windows7-app,5517
Windows7,3236
Yeoman,1763
command-prompt,2693
docker,3125
ebook,202
iOS-App,2052
iOS,416
jQuery,4839
nginx,2634
nodejs,1209
playground,57
tmux,1512
torne,2586
zsh,1876
